FST TAG	LINGUISTIC (SHORT)	LINGUISTIC (LONG)	ENGLISH	NÃŠHIYAWÃŠWIN	EMOJI
12Pl	21p (incl)	Actor: 1st Person Plural (Inclusive)	you and we	kiyÃ¢naw	
1Pl	1p (excl)	Actor: 1st Person Plural (Exclusive)	we (but not you)	niyanÃ¢n	
1PlO	â†’ 1p	Goal: 1st Person Plural (Exclusive)	â†’ you (but not us)	â†’ kiyÃ¢naw	
1Sg	1s	Actor: 1st Person Singular	I	niya	
1SgO	â†’ 1s	Goal: 1st Person Singular	â†’ me	â†’ niya	
2Pl	2p (excl)	Actor: 2nd Person Plural	you (all)	kiyawÃ¢w	
2PlO	â†’ 2p	Goal: 2nd Person Plural	â†’ you (all)	â†’ kiyawÃ¢w	
2Sg	2s	Actor: 2nd Person Singular	you (one)	kiya	
2SgO	â†’ 2s	Goal: 2nd Person Singular	â†’ you (one)	â†’ kiya	
3Pl	3p	Actor: 3rd Person Plural	they	wiyawÃ¢w	
3PlO	â†’ 3p	Goal: 3rd Person Plural	â†’ them	â†’ wiyawÃ¢w	
3Sg	3s	Actor: 3rd Person Singular	s/he	wiya	
3SgO	â†’ 3s	Goal: 3rd Person Singular	â†’ him/her/it	â†’ wiya	
4Pl	4p	Actor: 3rd Person Plural (Obviative)	they (further)	wiyawÃ¢w (anihi)	
4Sg	4s	Actor: 3rd Person Singular (Obviative)	s/he (further)	wiya (anihi)	
4Sg/Pl	4	Actor: 3rd Person Singular/Plural (Obviative)	s/he/they	wiya/wiyawÃ¢w (anihi)	
4Sg/PlO	â†’ 4	Goal: 3rd Person Singular/Plural (Obviative)	â†’ him/her/them	â†’ wiya/wiyawÃ¢w (anihi)	
5Sg/Pl	5	Actor: 3rd Person Singular/Plural (Further Obviative)	s/he/they (further)	wiya/wiyawÃ¢w (nÃªhi)	
5Sg/PlO	â†’ 5	Goal: 3rd Person Singular/Plural (Obviative)	â†’ him/her/them (further)	â†’ wiya/wiyawÃ¢w (nÃªhi)	
0Sg	0	Impersonal / Actor: Existential / Inanimate Singular	it / there (is)	Ã´ma	
0Pl	0p	Actor: Existential / Inanimate Plural	they / there (are)	Ã´hi	
0Sg+Obv	0'	Actor: Inanimate Singular Obviative	it (further)	nÃªma	
0Pl+Obv	0p'	Actor: Inanimate Plural Obviative	they (further)	nÃªhi	
0SgO	â†’ 0	Goal: Inanimate Singular	â†’ it	â†’ Ã´ma	
0PlO	â†’ 0p	Goal: Inanimate Plural	â†’ them (further)	â†’ nÃªhi	
					
0Sg+Prs	0	Impersonal / Actor: Existential / Inanimate Singular	it / there is	Ã´ma	
0Pl+Prs	0p	Actor: Existential / Inanimate Plural	they / there are	Ã´hi	
0Sg+Obv+Prs	0'	Actor: Inanimate Singular Obviative	it (further)	nÃªma	
0Pl+Obv+Prs	0p'	Actor: Inanimate Plural Obviative	they (further)	nÃªhi	
					
0Sg+Prt	0	Impersonal / Actor: Existential / Inanimate Singular	it / there was	Ã´ma	
0Pl+Prt	0p	Actor: Existential / Inanimate Plural	they / there were	Ã´hi	
0Sg+Obv+Prt	0'	Actor: Inanimate Singular Obviative	it (further)	nÃªma	
0Pl+Obv+Prt	0p'	Actor: Inanimate Plural Obviative	they (further)	nÃªhi	
					
0Sg+Fut+Def	0	Impersonal / Actor: Existential / Inanimate Singular	it / there will be	Ã´ma	
0Pl+Fut+Def	0p	Actor: Existential / Inanimate Plural	they / there will be	Ã´hi	
0Sg+Obv+Fut+Def	0'	Actor: Inanimate Singular Obviative	it (further)	nÃªma	
0Pl+Obv+Fut+Def	0p'	Actor: Inanimate Plural Obviative	they (further)	nÃªhi	
					
0Sg+Fut+Int	0	Impersonal / Actor: Existential / Inanimate Singular	it / there is going to be	Ã´ma	
0Pl+Fut+Int	0p	Actor: Existential / Inanimate Plural	they / there is going to be	Ã´hi	
0Sg+Obv+Fut+Int	0'	Actor: Inanimate Singular Obviative	it (further)	nÃªma	
0Pl+Obv+Fut+Int	0p'	Actor: Inanimate Plural Obviative	they (further)	nÃªhi	
					
0Sg+Fut+Cond	0	Impersonal / Actor: Existential / Inanimate Singular	it / when there is	Ã´ma	
0Pl+Fut+Cond	0p	Actor: Existential / Inanimate Plural	they / when there is	Ã´hi	
0Sg+Obv+Fut+Cond	0'	Actor: Inanimate Singular Obviative	it (further)	nÃªma	
0Pl+Obv+Fut+Cond	0p'	Actor: Inanimate Plural Obviative	they (further)	nÃªhi	
					
0Sg+Inf+PV/ka	0	Impersonal / Actor: Existential / Inanimate Singular	it / for there to be	Ã´ma	
0Pl+Inf+PV/ka	0p	Actor: Existential / Inanimate Plural	they / for there to be	Ã´hi	
0Sg+Obv+Inf+PV/ka	0'	Actor: Inanimate Singular Obviative	it (further)	nÃªma	
0Pl+Obv+Inf+PV/ka	0p'	Actor: Inanimate Plural Obviative	they (further)	nÃªhi	
					
0Sg+Inf+PV/ta	0	Impersonal / Actor: Existential / Inanimate Singular	it / for there to be	Ã´ma	
0Pl+Inf+Pv/ta	0p	Actor: Existential / Inanimate Plural	they / for there to be	Ã´hi	
0Sg+Obv+Inf+PV/ta	0'	Actor: Inanimate Singular Obviative	it (further)	nÃªma	
0Pl+Obv+Inf+PV/ta	0p'	Actor: Inanimate Plural Obviative	they (further)	nÃªhi	
					
Inf+PV/ka	Conjunct (ka-)	Infinitive/Future (with ka-)	ka- word	ka- itwÃªwin	
Inf+PV/ta	Conjunct (ta-)	Infinitive/Future (with ta-)	ta- word	ta- itwÃªwin	
					
					
					
1Sg+2SgO	1s â†’ 2s	Actor: 1st Person Singular â†’ Goal: 2nd Person Singular	I â†’ you (one)	niya â†’ kiya	
1Sg+3SgO	1s â†’ 3s	Actor: 1st Person Singular â†’ Goal: 3rd Person Singular	I â†’ him/her	niya â†’ wiya	
1Sg+1PlO	1s â†’ 1p (excl)	Actor: 1st Person Singular â†’ Goal: 1st Person Plural (Exclusive)	I â†’ we (but not you)	niya â†’ niyanÃ¢n	
1Sg+12PlO	1s â†’ 21p (incl)	Actor: 1st Person Singular â†’ Goal: 1st Person Plural (Inclusive)	I â†’ you and us	niya â†’ kiyÃ¢naw	
1Sg+2PlO	1s â†’ 2p (excl)	Actor: 1st Person Singular â†’ Goal: 2nd Person Plural	I â†’ you (all)	niya â†’ kiyÃ¢waw	
1Sg+3PlO	1s â†’ 3p	Actor: 1st Person Singular â†’ Goal: 3rd Person Plural	I â†’ them	niya â†’ wiyawÃ¢w	
1Sg+4Sg/PlO	1s â†’ 4	Actor: 1st Person Singular â†’ Goal: 3rd Person Singular/Plural (Obviative)	I â†’ him/her/them	niya â†’ wiya/wiyawÃ¢w (anihi)	
1Sg+5Sg/PlO	1s â†’ 5	Actor: 1st Person Singular â†’ Goal: 3rd Person Singular/Plural (Further Obviative)	I â†’ him/her/them (further)	niya â†’ wiya/wiyawÃ¢w (nÃªhi)	
					
2Sg+1SgO	2s â†’ 1s	Actor: 2nd Person Singular â†’ Goal: 1st Person Singular	you (one) â†’ me	kiya â†’ niya	
2Sg+3SgO	2s â†’ 3s	Actor: 2nd Person Singular â†’ Goal: 3rd Person Singular	you (one) â†’ him/her	kiya â†’ wiya	
2Sg+1PlO	2s â†’ 1p (excl)	Actor: 2nd Person Singular â†’ Goal: 1st Person Plural (Exclusive)	you (one) â†’ we (but not you)	kiya â†’ niyanÃ¢n	
2Sg+12PlO	2s â†’ 1p (incl)	Actor: 2nd Person Singular â†’ Goal: 1st Person Plural (Inclusive)	you (one) â†’ you and us	kiya â†’ kiyÃ¢naw	
2Sg+2PlO	2s â†’ 2p	Actor: 2nd Person Singular â†’ Goal: 2nd Person Plural	you (one) â†’ you (all)	kiya â†’ kiyÃ¢waw	
2Sg+3PlO	2s â†’ 3p	Actor: 2nd Person Singular â†’ Goal: 3rd Person Plural	you (one) â†’ them	kiya â†’ wiyawÃ¢w	
2Sg+4Sg/PlO	2s â†’ 4	Actor: 2nd Person Singular â†’ Goal: 3rd Person Singular/Plural (Obviative)	you (one) â†’ him/her/them	kiya â†’ wiya/wiyawÃ¢w (anihi)	
2Sg+5Sg/PlO	2s â†’ 5	Actor: 2nd Person Singular â†’ Goal: 3rd Person Singular/Plural (Further Obviative)	you (one) â†’ him/her/them (further)	kiya â†’ wiya/wiyawÃ¢w (nÃªhi)	
					
3Sg+1SgO	3s â†’ 1s	Actor: 3rd Person Singular â†’ Goal: 1st Person Singular	s/he â†’ me	wiya â†’ niya	
3Sg+2SgO	3s â†’ 2s	Actor: 3rd Person Singular â†’ Goal: 2nd Person Singular	s/he â†’ you (one)	wiya â†’ kiya	
3Sg+1PlO	3s â†’ 1p (excl)	Actor: 3rd Person Singular â†’ Goal: 1st Person Plural (Exclusive)	s/he â†’ we (but not you)	wiya â†’ niyanÃ¢n	
3Sg+12PlO	3s â†’ 1p (incl)	Actor: 3rd Person Singular â†’ Goal: 1st Person Plural (Inclusive)	s/he â†’ you and us	wiya â†’ kiyÃ¢naw	
3Sg+2PlO	3s â†’ 2p	Actor: 3rd Person Singular â†’ Goal: 2nd Person Plural	s/he â†’ you (all)	wiya â†’ kiyÃ¢waw	
3Sg+3PlO	3s â†’ 3p	Actor: 3rd Person Singular â†’ Goal: 3rd Person Plural	s/he â†’ them	wiya â†’ wiyawÃ¢w	
3Sg+4Sg/PlO	3s â†’ 4	Actor: 3rd Person Singular â†’ Goal: 3rd Person Singular/Plural (Obviative)	s/he â†’ him/her/them	wiya â†’ wiya/wiyawÃ¢w (anihi)	
3Sg+5Sg/PlO	3s â†’ 5	Actor: 3rd Person Singular â†’ Goal: 3rd Person Singular/Plural (Further Obviative)	s/he â†’ him/her/them (further)	wiya â†’ wiya/wiyawÃ¢w (nÃªhi)	
					
X+1SgO	X â†’ 1s	Actor: Unspecified â†’ Goal: 1st Person Singular	someone â†’ me	(awiya) â†’ niya	
X+2SgO	X â†’ 2s	Actor: Unspecified â†’ Goal: 2nd Person Singular	someone â†’ you (one)	(awiya) â†’ kiya	
X+3SgO	X â†’ 3s	Actor: Unspecified â†’ Goal: 3rd Person Singular	someone â†’ him/her	(awiya) â†’ wiya	
X+1PlO	X â†’ 1p (excl)	Actor: Unspecified â†’ Goal: 1st Person Plural (Exclusive)	someone â†’ us (but not you)	(awiya) â†’ niyanÃ¢n	
X+12PlO	X â†’ 1p (incl)	Actor: Unspecified â†’ Goal: 1st Person Plural (Inclusive)	someone â†’ you and us	(awiya) â†’ kiyÃ¢naw	
X+2PlO	X â†’ 2p	Actor: Unspecified â†’ Goal: 2nd Person Plural	someone â†’ you (all)	(awiya) â†’ kiyÃ¢waw	
X+3PlO	X â†’ 3p	Actor: Unspecified â†’ Goal: 3rd Person Plural	someone â†’ them	(awiya) â†’ wiyawÃ¢w	
X+4Sg/PlO	X â†’ 4	Actor: Unspecified â†’ Goal: 3rd Person Singular/Plural (Obviative)	someone â†’ him/her/them	(awiya) â†’ wiya/wiyawÃ¢w (anihi)	
X+5Sg/PlO	X â†’ 5	Actor: Unspecified â†’ Goal: 3rd Person Singular/Plural (Further Obviative)	someone â†’ him/her/them (further)	(awiya) â†’ wiya/wiyawÃ¢w (nÃªhi)	
					
1Pl+1SgO	1p (excl) â†’ 1s	Actor: 1st Person Plural (Exclusive) â†’ Goal: 1st Person Singular	we (but not you) â†’ me	niyanÃ¢n â†’ niya	
1Pl+2SgO	1p (excl) â†’ 2s	Actor: 1st Person Plural (Exclusive) â†’ Goal: 2nd Person Singular	we (but not you) â†’ you (one)	niyanÃ¢n â†’ kiya	
1Pl+3SgO	1p (excl) â†’ 3s	Actor: 1st Person Plural (Exclusive) â†’ Goal: 3rd Person Singular	we (but not you) â†’ him/her	niyanÃ¢n â†’ wiya	
1Pl+12PlO	1p (excl) â†’ 1p (incl)	Actor: 1st Person Plural (Exclusive) â†’ Goal: 1st Person Plural (Inclusive)	we (but not you) â†’ you and us	niyanÃ¢n â†’ kiyÃ¢naw	
1Pl+2PlO	1p (excl) â†’ 2p	Actor: 1st Person Plural (Exclusive) â†’ Goal: 2nd Person Plural	we (but not you) â†’ you (all)	niyanÃ¢n â†’ kiyÃ¢waw	
1Pl+3PlO	1p (excl) â†’ 3p	Actor: 1st Person Plural (Exclusive) â†’ Goal: 3rd Person Plural	we (but not you) â†’ them	niyanÃ¢n â†’ wiyawÃ¢w	
1Pl+4Sg/PlO	1p (excl) â†’ 4	Actor: 1st Person Plural (Exclusive) â†’ Goal: 3rd Person Singular/Plural (Obviative)	we (but not you) â†’ him/her/them	niyanÃ¢n â†’ wiya/wiyawÃ¢w (anihi)	
1Pl+5Sg/PlO	1p (excl) â†’ 5	Actor: 1st Person Plural (Exclusive) â†’ Goal: 3rd Person Singular/Plural (Further Obviative)	we (but not you) â†’ him/her/them (further)	niyanÃ¢n â†’ wiya/wiyawÃ¢w (nÃªhi)	
					
12Pl+1SgO	21p (incl) â†’ 1s	Actor: 1st Person Plural (Inclusive) â†’ Goal: 1st Person Singular	you and we â†’ me	kiyÃ¢naw â†’ niya	
12Pl+2SgO	21p (incl) â†’ 2s	Actor: 1st Person Plural (Inclusive) â†’ Goal: 2nd Person Singular	you and we â†’ you (one)	kiyÃ¢naw â†’ kiya	
12Pl+3SgO	21p (incl) â†’ 3s	Actor: 1st Person Plural (Inclusive) â†’ Goal: 3rd Person Singular	you and we â†’ him/her	kiyÃ¢naw â†’ wiya	
12Pl+1PlO	21p (incl) â†’ 1p (excl)	Actor: 1st Person Plural (Inclusive) â†’ Goal: 1st Person Plural (Exclusive)	you and we â†’ you and us	kiyÃ¢naw â†’ niyanÃ¢n	
12Pl+2PlO	21p (incl) â†’ 2p (excl)	Actor: 1st Person Plural (Inclusive) â†’ Goal: 2nd Person Plural	you and we â†’ you (all)	kiyÃ¢naw â†’ kiyÃ¢waw	
12Pl+3PlO	21p (incl) â†’ 3p	Actor: 1st Person Plural (Inclusive) â†’ Goal: 3rd Person Plural	you and we â†’ them	kiyÃ¢naw â†’ wiyawÃ¢w	
12Pl+4Sg/PlO	21p (incl) â†’ 4	Actor: 1st Person Plural (Inclusive) â†’ Goal: 3rd Person Singular/Plural (Obviative)	you and we â†’ him/her/them	kiyÃ¢naw â†’ wiya/wiyawÃ¢w (anihi)	
12Pl+5Sg/PlO	21p (incl) â†’ 5	Actor: 1st Person Plural (Inclusive) â†’ Goal: 3rd Person Singular/Plural (Further Obviative)	you and we â†’ him/her/them (further)	kiyÃ¢naw â†’ wiya/wiyawÃ¢w (nÃªhi)	
					
2Pl+1SgO	2p (excl) â†’ 1s	Actor: 2nd Person Plural â†’ Goal: 1st Person Singular	you (all) â†’ me	kiyÃ¢waw â†’ niya	
2Pl+2SgO	2p (excl) â†’ 2s	Actor: 2nd Person Plural â†’ Goal: 2nd Person Singular	you (all) â†’ you (one)	kiyÃ¢waw â†’ kiya	
2Pl+3SgO	2p (excl) â†’ 3s	Actor: 2nd Person Plural â†’ Goal: 3rd Person Singular	you (all) â†’ him/her	kiyÃ¢waw â†’ wiya	
2Pl+1PlO	2p (excl) â†’ 1p (excl)	Actor: 2nd Person Plural â†’ Goal: 1st Person Plural (Exclusive)	you (all) â†’ us (but not you)	kiyÃ¢waw â†’ niyanÃ¢n	
2Pl+12PlO	2p (excl) â†’ 1p (incl)	Actor: 2nd Person Plural â†’ Goal: 1st Person Plural (Inclusive)	you (all) â†’ you and us	kiyÃ¢waw â†’ kiyÃ¢naw	
2Pl+3PlO	2p (excl) â†’ 3p	Actor: 2nd Person Plural â†’ Goal: 3rd Person Plural	you (all) â†’ them	kiyÃ¢waw â†’ wiyawÃ¢w	
2Pl+4Sg/PlO	2p (excl) â†’ 4	Actor: 2nd Person Plural â†’ Goal: 3rd Person Singular/Plural (Obviative)	you (all) â†’ him/her/them	kiyÃ¢waw â†’ wiya/wiyawÃ¢w (anihi)	
2Pl+5Sg/PlO	2p (excl) â†’ 5	Actor: 2nd Person Plural â†’ Goal: 3rd Person Singular/Plural (Further Obviative)	you (all) â†’ him/her/them (further)	kiyÃ¢waw â†’ wiya/wiyawÃ¢w (nÃªhi)	
					
3Pl+1SgO	3p â†’ 1s	Actor: 3rd Person Plural â†’ Goal: 1st Person Singular	they â†’ me	wiyÃ¢waw â†’ niya	
3Pl+2SgO	3p â†’ 2s	Actor: 3rd Person Plural â†’ Goal: 2nd Person Singular	they â†’ you (one)	wiyÃ¢waw â†’ kiya	
3Pl+3SgO	3p â†’ 3s	Actor: 3rd Person Plural â†’ Goal: 3rd Person Singular	they â†’ him/her	wiyÃ¢waw â†’ wiya	
3Pl+1PlO	3p â†’ 1p (excl)	Actor: 3rd Person Plural â†’ Goal: 1st Person Plural (Exclusive)	they â†’ us (but not you)	wiyÃ¢waw â†’ niyanÃ¢n	
3Pl+12PlO	3p â†’ 21p (incl)	Actor: 3rd Person Plural â†’ Goal: 1st Person Plural (Inclusive)	they â†’ you and us	wiyÃ¢waw â†’ kiyÃ¢naw	
3Pl+2PlO	3p â†’ 2p (excl)	Actor: 3rd Person Plural â†’ Goal: 2nd Person Plural	they â†’ you (all)	wiyÃ¢waw â†’ kiyÃ¢waw	
3Pl+4Sg/PlO	3p â†’ 4	Actor: 3rd Person Plural â†’ Goal: 3rd Person Singular/Plural (Obviative)	they â†’ him/her/them	wiyÃ¢waw â†’ wiya/wiyawÃ¢w (anihi)	
3Pl+5Sg/PlO	3p â†’ 5	Actor: 3rd Person Plural â†’ Goal: 3rd Person Singular/Plural (Further Obviative)	they â†’ him/her/them (further)	wiyÃ¢waw â†’ wiya/wiyawÃ¢w (nÃªhi)	
					
4Sg/Pl+1SgO	4 â†’ 1s	Actor: 3rd Person Singular/Plural (Obviative) â†’ Goal: 1st Person Singular	s/he/they â†’ me	wiya/wiyawÃ¢w (anihi) â†’ niya	
4Sg/Pl+2SgO	4 â†’ 2s	Actor: 3rd Person Singular/Plural (Obviative) â†’ Goal: 2nd Person Singular	s/he/they â†’ you (one)	wiya/wiyawÃ¢w (anihi) â†’ kiya	
4Sg/Pl+3SgO	4 â†’ 3s	Actor: 3rd Person Singular/Plural (Obviative) â†’ Goal: 3rd Person Singular	s/he/they â†’ him/her	wiya/wiyawÃ¢w (anihi) â†’ wiya	
4Sg/Pl+1PlO	4 â†’ 1p (excl)	Actor: 3rd Person Singular/Plural (Obviative) â†’ Goal: 1st Person Plural (Exclusive)	s/he/they â†’ us (but not you)	wiya/wiyawÃ¢w (anihi) â†’ niyanÃ¢n	
4Sg/Pl+12PlO	4 â†’ 21p (incl)	Actor: 3rd Person Singular/Plural (Obviative) â†’ Goal: 1st Person Plural (Inclusive)	s/he/they â†’ you and us	wiya/wiyawÃ¢w (anihi) â†’ kiyÃ¢naw	
4Sg/Pl+2PlO	4 â†’ 2p (excl)	Actor: 3rd Person Singular/Plural (Obviative) â†’ Goal: 2nd Person Plural	s/he/they â†’ you (all)	wiya/wiyawÃ¢w (anihi) â†’ kiyÃ¢waw	
4Sg/Pl+3PlO	4 â†’ 3p	Actor: 3rd Person Singular/Plural (Obviative) â†’ Goal: 3rd Person Plural	s/he/they â†’ him/her/them	wiya/wiyawÃ¢w (anihi) â†’ wiyawÃ¢w	
4Sg/Pl+5Sg/PlO	4 â†’ 5	Actor: 3rd Person Singular/Plural (Obviative) â†’ 5	s/he/they â†’ him/her/them (further)	wiya/wiyawÃ¢w (ana/aniki) â†’ wiya/wiyawÃ¢w (nÃªhi)	
					
5Sg/Pl+1SgO	5 â†’ 1s	Actor: 3rd Person Singular/Plural (Further Obviative) â†’ Goal: 1st Person Singular	s/he/they (further) â†’ me	wiya/wiyawÃ¢w (nÃªhi) â†’ niya	
5Sg/Pl+2SgO	5 â†’ 2s	Actor: 3rd Person Singular/Plural (Further Obviative) â†’ Goal: 2nd Person Singular	s/he/they (further) â†’ you (one)	wiya/wiyawÃ¢w (nÃªhi) â†’ kiya	
5Sg/Pl+3SgO	5 â†’ 3s	Actor: 3rd Person Singular/Plural (Further Obviative) â†’ Goal: 3rd Person Singular	s/he/they (further) â†’ him/her	wiya/wiyawÃ¢w (nÃªhi) â†’ wiya	
5Sg/Pl+1PlO	5 â†’ 1p (excl)	Actor: 3rd Person Singular/Plural (Further Obviative) â†’ Goal: 1st Person Plural (Exclusive)	s/he/they (further) â†’ us (but not you)	wiya/wiyawÃ¢w (nÃªhi) â†’ niyanÃ¢n	
5Sg/Pl+12PlO	5 â†’ 21p (incl)	Actor: 3rd Person Singular/Plural (Further Obviative) â†’ Goal: 1st Person Plural (Inclusive)	s/he/they (further) â†’ you and us	wiya/wiyawÃ¢w (nÃªhi) â†’ kiyÃ¢naw	
5Sg/Pl+2PlO	5 â†’ 2p (excl)	Actor: 3rd Person Singular/Plural (Further Obviative) â†’ Goal: 2nd Person Plural	s/he/they (further) â†’ you (all)	wiya/wiyawÃ¢w (nÃªhi) â†’ kiyÃ¢waw	
5Sg/Pl+3PlO	5 â†’ 3p	Actor: 3rd Person Singular/Plural (Further Obviative) â†’ Goal: 3rd Person Plural	s/he/they (further) â†’ him/her/them	wiya/wiyawÃ¢w (nÃªhi) â†’ wiyawÃ¢w	
5Sg/Pl+4Sg/PlO	5 â†’ 4	Actor: 3rd Person Singular/Plural (Further Obviative) â†’ Goal: 3rd Person Singular/Plural (Obviative)	s/he/they (further) â†’ him/her/them	wiya/wiyawÃ¢w (nÃªhi) â†’ wiya/wiyawÃ¢w (anihi)	
					
A	Animate	Animate	like: asikan, iyiniw, maskwa	tÃ¢piskÃ´c: asikan, iyiniw, maskwa	
AI		Animate Intransitive	like: mÃ®cisow, nipÃ¢w	tÃ¢piskÃ´c: mÃ®cisow, nipÃ¢w	
					
Arab		Arabic	like: 0, 1, 2, ...	tÃ¢piskÃ´c: 0, 1, 2, ...	
CC		Co-ordinating Conjunction	like: Ãªkwa	tÃ¢piskÃ´c: Ãªkwa	
CS		Subordinate Conjunction	like: mÃ¢ka	tÃ¢piskÃ´c: mÃ¢ka	
Cnj	Conjunct	Conjunct	Ãª-/kÃ¢- word	Ãª-/kÃ¢- itwÃªwin	
Cond		Conditional	when/if something happens	kisik/kÃ®sÃ¢spin Ãª-ispayik	
Fut+Cond	Future Conditional	Future conditional	when/if something happens	kisik/kÃ®sÃ¢spin Ãª-ispayik	
D		Dependent	like: nÃ´hkom, mÃ®pit	tÃ¢piskÃ´c: nÃ´hkom, mÃ®pit	
Def		Definite	certainly	cikÃªmÃ¢	
Fut+Def	Future Definite	Future definite tense	something will certainly happen	ka-ispayik nÃ®kÃ¢nihk/cikÃªmÃ¢	
Del	Delayed	Delayed	later	mwÃªstas	
Imp+Del		Delayed imperative	command/request that something will happen later	nitotamÃ¢kÃªwin ka-ispayik mwÃªstÃ¢s	
Dem		Demonstrative	like: awa, Ã´ma	tÃ¢piskÃ´c: awa, Ã´ma	
Der/Com	Comitative	Derived comitative	with another person	wÃ®ci-	
Der/Dim	Diminutive	Derived diminutive	smaller / younger / lesser	 nawac apisÃ®s	
Der/X		Derived unspecified actor			
Dim	Diminutive	Diminutive	smaller / lesser / younger	nawac apisÃ®s / ayiwÃ¢k osk-Ã¢yis	
Dist	Distal	Distal	Over yonder	nÃªta	
Distr	Distributive	Distributive	among	Ã¢kine	
Err/Orth		(Sub-standard form)			
Foc		Focus			
Fut	Future	Future tense	something is happening later on	Ãª-ispayik mwÃªstas/nÃ®kÃ¢nihk	
I		Inanimate	like: cÃ®mÃ¢n, wÃ¢wi	tÃ¢piskÃ´c: cÃ®mÃ¢n, wÃ¢wi	
IC	Initial change	Initial change	like: wiyÃ¢pamÃ¢t	tÃ¢piskÃ´c: wiyÃ¢pamÃ¢t	
II		Inanimate Intransitive	like: miywÃ¢sin, mihkwÃ¢w	tÃ¢piskÃ´c: miywÃ¢sin, mihkwÃ¢w	
INM	Name	Name	like: otÃ´skwanihk	tÃ¢piskÃ´c: otÃ´skwanihk	
Interr	Interrogative	Interrogative	Question	kakwÃªcihkÃªmowin	
IPC	Particle	Particle	like: anohc	tÃ¢piskÃ´c: anohc	âš¡
Ipc		Independent Particle	Connecting word	Ã¢niskohtÃ¢win-itwÃªwin	âš¡ï¸
IPH	Phrase	Phrase	like: Ãªkosi pitamÃ¢	tÃ¢piskÃ´c: Ãªkosi pitamÃ¢	
IPJ	Interjection	Interjection	like: hay hay	tÃ¢piskÃ´c: hay hay	âš¡
IPN	Prenoun	Prenoun	like: amisko-	tÃ¢piskÃ´c: amisko-	âš¡
IPP	Particle	Particle	like: akÃ¢mi-	tÃ¢piskÃ®c: akÃ¢mi- 	âš¡ï¸
IPV	Preverb	Preverb	like: pÃª-	tÃ¢piskÃ´c: pÃª-	âš¡ï¸
Ipv	Preverb	Preverb	like: pÃª-	tÃ¢piskÃ´c: pÃª-	âš¡ï¸
Imm	Immediate	Immediate	now	mÃªkwÃ¢c/kÃ®sac	
Imp	Imperative	Imperative	command/request	nitotamÃ¢kÃªwin	
Imp+Imm		Immediate imperative	command/request that something happens immediately	nitotamÃ¢kÃªwin piko ka-ispayik	
Ind	Independent	Independent	ni-/ki- word	ni-/ki- itwÃªwin	
Inf	Infinitive	Infinitive form	for something to happen	ka-ispaiyk / ta-ispayik	
Int	Intentional	Intentional	be going to	akÃ¢wÃ¢tamowin	
Fut+Int	Future Intentional	Future intentional tense	something is going to happen	Ãª-wÃ®-ihkik nÃ®kÃ¢nihk	
Interj		Interjection	Shouting word	tÃªpwÃªwin-itwÃªwin	
Loc	Locative	Locative	in/on/to	pÃ®hci-, tahkoht, ohci	
Med	Medial	Medial	There	anita	
					
N		Noun	Naming word	wÃ®hyowin-itwÃªwin	
N+A	Animate noun	Noun â€” animate	Naming word â€” like: asikan, iyiniw, maskwa	wÃ®hyowin-itwÃªwin â€” tÃ¢piskÃ´c: asikan, iyiniw, maskwa 	ğŸ§‘ğŸ½
N+I	Inanimate noun	Noun â€” inanimate	Naming word â€” like: cÃ®mÃ¢n, wÃ¢wi	wÃ®hyowin-itwÃªwin â€” tÃ¢piskÃ´c: cÃ®mÃ¢n, wÃ¢wi	ğŸ’§
N+A+D	Dependent animate noun	Noun â€” dependent animate	Naming word â€” like: nÃ´hkom	wÃ®hyowin-itwÃªwin â€” tÃ¢piskÃ´c: nÃ´hkom	ğŸ‘¤ğŸ§‘ğŸ½
N+I+D	Dependent inanimate noun	Noun â€” dependent animate	Naming word â€” like: mÃ®pit	wÃ®hyowin-itwÃªwin â€” tÃ¢piskÃ´c: mÃ®pit	ğŸ‘¤ğŸ’§
					
NA-1	NA-1	Regular animate noun stem	like: pahkwÃªsikan, asikan	tÃ¢piskÃ´c: pahkwÃªsikan, asikan	
NA-2	NA-2	Vowel-glide animate noun stem	like: kihc-Ã´kiniy, ayapiy	tÃ¢piskÃ´c: kihc-Ã´kiniy, ayapiy	
NA-3	NA-3	Consonant-/w/ animate noun stem	like: masinahikanÄhtik(w), askihk(w)	tÃ¢piskÃ´c: masinahikanÄhtik(w), askihk(w)	
NA-4	NA-4	Single-syllable animate noun stem	like: niska, Ãªsa	tÃ¢piskÃ´c: niska, Ãªsa	
NA-4w	NA-4w	Single-syllable-/w/ animate noun stem	like: wÃ¢hkwa, ihkwa	tÃ¢piskÃ´c: wÃ¢hkwa, ihkwa	
NA-?	NA-?				
NDA-1	NDA-1	Regular animate dependent noun stem	like: mitÃ¢s (-tÃ¢s-), mohpan (-ohpan-)	tÃ¢piskÃ´c: mitÃ¢s (-tÃ¢s-), mohpan (-ohpan-)	
NDA-2	NDA-2	Vowel-glide animate dependent noun stem	like: mitihtikosiy, maskasiy	tÃ¢piskÃ´c: mitihtikosiy, maskasiy	
NDA-3	NDA-3	Consonant-/w/ animate dependent noun stem	like: ninÃ®kihik(w), nÃ®tim(w)	tÃ¢piskÃ´c: ninÃ®kihik(w), nÃ®tim(w)	
NDA-4	NDA-4	Single-syllable animate dependent noun stem	like: nÃ®wa (-Ã®w-)	tÃ¢piskÃ´c: nÃ®wa (-Ã®w-)	
NDA-4w	NDA-4w	Single-syllable-/w/ animate dependent noun stem	like: nÃ®skwa (-Ã®skw-)	tÃ¢piskÃ´c: nÃ®skwa (-Ã®skw-)	
NDA-x	NDA-x				
NDI-1	NDI-1	Regular inanimate dependent noun stem	like: mitÃªh (-tÃªh-), mÃ®pit (-Ã®pit-)	tÃ¢piskÃ´c: mitÃªh (-tÃªh-), mÃ®pit (-Ã®pit-)	
NDI-2	NDI-2	Consonant-glide inanimate dependent noun stem	like: miskotÃ¢kay, mÃªstakay	tÃ¢piskÃ´c: miskotÃ¢kay, mÃªstakay	
NDI-3	NDI-3	Consonant-/w/ inanimate dependent noun stem	like: miskÃ®sik, mayakask	tÃ¢piskÃ´c: miskÃ®sik, mayakask	
NDI-4	NDI-4	Single-syllable inanimate dependent noun stem	like: mÃ®ki, mÃ®was	tÃ¢piskÃ´c: mÃ®ki, mÃ®was	
NDI-?	NDI-?				
NDI-x	NDI-x				
NI-1	NI-1	Regular inanimate noun stem	like: cÃ®mÃ¢n, astotin	tÃ¢piskÃ´c: cÃ®mÃ¢n, astotin	
NI-2	NI-2	Vowel-glide inanimate noun stem	like: mÃ®kisasÃ¢kay, oskasÃ¢kay	tÃ¢piskÃ´c: mÃ®kisasÃ¢kay, oskasÃ¢kay	
NI-3	NI-3	Consonant-/w/ inanimate noun stem	like: pahkÃªkin(w), askÃªkin(w)	tÃ¢piskÃ´c: pahkÃªkin(w), askÃªkin(w)	
NI-4	NI-4	Single-syllable inanimate noun stem	like: wÃ¢wi, osk-Ã¢yi	tÃ¢piskÃ´c: wÃ¢wi, osk-Ã¢yi	
NI-5	NI-5	Single-syllable-/w/ inanimate noun stem	like: Ã´si, mihko	tÃ¢piskÃ´c: Ã´si, mihko	
NI-?	NI-?				
Neg	Negation	Negation	not	nÃ¢moya	
Num	Numeral	Numeral	Number	akihtÃ¢son	
Obv	Obviative	Obviative	further	anima/anihi (awasimÃª)	
Poss	Possession	Ownership	whose / whom something belongs to	tipÃªyihcikÃªwin / awÃ®ni (kÃ¢-tipÃªyihtahk)	
Pers	Person	Person	Person	iyiniw	
PV		Preverb			
PV/acici	Preverb: acici-		head down; upside down		
PV/ahcahkowi	Preverb: ahcahkowi-		spiritual		
PV/ahci	Preverb: Ã¢hci-		to a different place		
PV/ahkami	Preverb: Ã¢hkami-		persistently, untiringly, unfailingly, unceasingly, unwaveringly; keep on, persevere		
PV/akawaci	Preverb: akÃ¢wÃ¢ci-		wishfully		
PV/ako	Preverb: Ã¢kÃ´-		covered, shielded		
PV/akoci	Preverb: akoci-		hanging		
PV/akwa	Preverb: Ã¢kwÃ¢-		quite a lot; well on its way, in progress of time		
PV/ami	Preverb: Ã¢mi-		almost		
PV/aniski	Preverb: Ã¢niski-		succession, extension		
PV/apihci	Preverb: Ã¢pihci-		halfway		
PV/apihta	Preverb: Ã¢pihtÃ¢-		half		
PV/apihta-kisikawi	Preverb: Ã¢pihtÃ¢-kÃ®sikÃ¢wi-		at noon		
PV/apihtawi	Preverb: Ã¢pihtawi-		half		
PV/apisci	Preverb: apisci-		small, little		
PV/apisi	Preverb: apisi-		small, tiny		
PV/apisisi	Preverb: apisÃ®si-		small		
PV/asawi	Preverb: Ã¢sawi-		in passing something on		
PV/ase	Preverb: Ã¢sÃª-		see: asÃª-		
PV/aseya	Preverb: asÃªya-		in a group		
PV/asowi	Preverb: Ã¢sowi-		in turn, in succession		
PV/aste	Preverb: Ã¢stÃª-		ceasing; quit		
PV/ata	Preverb: Ã¢ta-		although, in vain		
PV/ati	Preverb: ati-		begin to, beginning; progressively, proceed to, going on, progressing; on the way		
PV/atimi	Preverb: atimi-		going away from speaker, towards addressee		
PV/ayamihawi	Preverb: ayamihÃ¢wi-		prayer, pertaining to Christian prayer; of the Christian religion, of church		
PV/ayamihewi	Preverb: ayamihÃªwi-		of the Christian religion, of church		
PV/ayaso	Preverb: ayÃ¢sÃ´-		a little here and there		
PV/ayi	Preverb: ayi-		ah, hm		
PV/ayici	Preverb: Ã¢yÃ®ci-		firmly, tightly		
PV/cipehtako	Preverb: cÃ®pÃªhtako-		blue, greyish blue, grey		
PV/e	Preverb: Ãª-		grammatical preverb: complementizer; defines a changed conjunct clause		
PV/ikate	Preverb: Ã®katÃª-		aside, off to one side		
PV/isi	Preverb: isi-		so, this way, thus, thither, such		
PV/isko	Preverb: isko-		so far, to such an extent		
PV/ispi	Preverb: ispi-		then, when		
PV/ispihci	Preverb: ispÃ®hci-		meanwhile, beforehand		
PV/itahto	Preverb: itahto-		in such number		
PV/ka	Preverb: ka-		grammatical preverb: future will, shall; infinitive; optative ought, should		
PV/ka-ki	Preverb: ka-kÃ®-		can, be able to; may; should, ought to		
PV/kaa	Preverb: kÃ¢-		grammatical preverb; defines a changed conjunct clause; often a relative clause, i.e. who, which		
PV/kah	Preverb: kÃ¢h-		would, ought to; likely to		
PV/kah-kape	Preverb: kÃ¢h-kapÃª-		all the time		
PV/kakepaci	Preverb: kakÃªpÃ¢ci-		stupidly		
PV/kakwahyaki	Preverb: kakwÃ¢hyaki-		greatly, extremely, overwhelmingly; with startled surprise		
PV/kakwayaki	Preverb: kakwÃ¢yaki-		greatly, extremely		
PV/kakwe	Preverb: kakwÃª-		try to, attempt to		
PV/kakweci	Preverb: kakwÃªci-		inquire		
PV/kamwaci	Preverb: kÃ¢mwÃ¢ci-		quietly		
PV/kanaci	Preverb: kanÃ¢ci-		clean		
PV/kape	Preverb: kapÃª-		for the full duration of; always		
PV/kaski	Preverb: kaski-		dense		
PV/kaskitewi	Preverb: kaskitÃªwi-		black		
PV/kaspi	Preverb: kÃ¢spi-		crunching		
PV/kawi	Preverb: kÃ¢wi-		again; back, in return		
PV/kayasi	Preverb: kayÃ¢si-		old		
PV/ke	Preverb: kÃª-		grammatical preverb; future, conditional: shall; defines a changed conjunct clause		
PV/kekaci	Preverb: kÃªkÃ¢ci-		almost		
PV/ket	Preverb: kÃªt-		take off, remove		
PV/ketiski	Preverb: kÃªtiski-		to exact measure		
PV/ki	Preverb: kÃ®-		grammatical preverb; past, completion		
PV/kici	Preverb: kici-		so that		
PV/kihci	Preverb: kihci-		great, big, important		
PV/kika	Preverb: kika-		grammatical preverb; future; defines a conjunct clause		
PV/kimoci	Preverb: kÃ®mÃ´ci-		secretly, by stealth		
PV/kipi	Preverb: kÃ®pi-		quickly		
PV/kisci	Preverb: kisci-		big		
PV/kise	Preverb: kisÃª-		great, gentle		
PV/kisi	Preverb: kÃ®si-		finish; completely, to completion; completing, having done		
PV/kisipi	Preverb: kisipi-		end, finish, ending		
PV/kisiska	Preverb: kisiskÃ¢-		fast, quickly		
PV/kisiwi	Preverb: kisÃ®wi-		angrily, in anger		
PV/kiski	Preverb: kÃ®ski-		severing, breaking, cutting off		
PV/kisopwe	Preverb: kÃ®sopwÃª-		with hot weather		
PV/kita	Preverb: kita-		[grammatical preverb]; future: will, shall; infinitive; optative: ought, should		
PV/kita-ki	Preverb: kita-kÃ®-		can, be able to; may; ought to		
PV/kitimaki	Preverb: kitimÃ¢ki-		pitiable, pitiably		
PV/kiwaci	Preverb: kÃ®wÃ¢ci-		orphaned, stray; lonely, desolately		
PV/kiwe	Preverb: kÃ®wÃª-		back, homeward		
PV/kiye	Preverb: kiyÃª-		grammatical preverb; future; in changed conjunct clauses		
PV/kiyi	Preverb: kiyi-		grammatical preverb; future; defines a conjunct clause		
PV/koci	Preverb: koci-		try to		
PV/kota	Preverb: kÃ´ta-		long for, be deprived of		
PV/kotate	Preverb: kÃ´tatÃª-		at a loss, making no attempt		
PV/kwahci	Preverb: kwÃ¢hci-		far off		
PV/kwaskwe	Preverb: kwÃ¢skwÃª-		upwards		
PV/kwataki	Preverb: kwÃ¢taki-		distressing, tormenting, tortuous		
PV/kwayaci	Preverb: kwayÃ¢ci-		in readiness, already; in preparation; beforehand		
PV/kwayako	Preverb: kwayako-		taking out, directly		
PV/kwayaski	Preverb: kwayaski-		properly		
PV/kwayasko	Preverb: kwayasko-		straight; properly, correctly		
PV/kweski	Preverb: kwÃªski-		turning		
PV/kwetawi	Preverb: kwÃªtawi-		doubtful		
PV/kwitawi	Preverb: kwÃ®tawi-		impatiently		
PV/maaci	Preverb: mÃ¢ci-		begin to, start to; commencement; initially		
PV/maci	Preverb: maci-		bad, evil, wicked, wrong, ill		
PV/maci-manitowi	Preverb: maci-manitowi		evil, devilish; of the Devil		
PV/mahi	Preverb: mÃ¢hi-		downstream		
PV/mahti	Preverb: mahti-		let us; hortatory		
PV/mamawi	Preverb: mÃ¢mawi-		together; in full number of them all, altogether, all together as a group		
PV/mana	Preverb: manÃ¢-		beware of, careful not to, avoid doing		
PV/mani	Preverb: mani-		with the intent of, with the purpose of		
PV/maninakisko	Preverb: mÃ¢ninÃ¢kisko-		without hesitation, entirely		
PV/maski	Preverb: mÃ¢ski-		crippled; defective, deformed		
PV/masta	Preverb: mastÃ¢-		later		
PV/matwe	Preverb: matwÃª-		audibly, visibly; perceptibly; loudly; heard or seen from a distance		
PV/mayaci	Preverb: mÃ¢yÃ¢ci-		bad		
PV/mayi	Preverb: mÃ¢yi-		bad, evil; badly, evilly, wickedly		
PV/mecimwaci	Preverb: mÃªcimwÃ¢ci-		permanently, for good		
PV/mesci	Preverb: mÃªsci-		exhaustively, till all is gone		
PV/mesti	Preverb: mÃªsti-		it is used up, it is burnt out, it is spent		
PV/mihko	Preverb: mihko-		red		
PV/mihyawe	Preverb: mihyawÃª-		with fur or body hair		
PV/misakame	Preverb: misakÃ¢mÃª-		all the way		
PV/misi	Preverb: misi-		big, greatly; much, a lot; very, extremely, to the extreme		
PV/mistiko	Preverb: mistiko-		wood, of wood, wooden		
PV/miyo	Preverb: miyo-		good, well, beautifully		
PV/mohco	Preverb: mÃ´hco-		silly, crazy		
PV/mosci	Preverb: mosci-		just, merely, plainly, simply, directly, without mediation, without instrumentality; by hand		
PV/mwayi	Preverb: mwayÃ®-		before, prior to		
PV/mÃªkwa	Preverb: mÃªkwÃ¢-		currently, presently, right now; while, during, in the meantime, in the act or place		
PV/naci	Preverb: nÃ¢ci-		getting		
PV/nahi	Preverb: nahi-		well, fair		
PV/nahta	Preverb: nahtÃ¢-		able; good at, competent, practised, experienced, skillful at, expert at, known as one who does s.t. habitually; well		
PV/naki	Preverb: naki-		stopping		
PV/nanitaw	Preverb: nÃ¢nitaw-		[in negative clauses:] any		
PV/napaki	Preverb: napaki-		flat		
PV/naspaci	Preverb: naspÃ¢ci-		opposite, contrarily		
PV/natakasi	Preverb: nÃ¢takÃ¢si-		into the bush country		
PV/natawi	Preverb: natawi-		go to		
PV/nawaci	Preverb: nawaci-		better		
PV/nawayawi	Preverb: nÃ¢wayawi-		one behind the other, in a row		
PV/nehiyawi	Preverb: nÃªhiyawi-		Cree, in Cree		
PV/nihci	Preverb: nÃ®hci-		down, downwards; bottom		
PV/nihta	Preverb: nihtÃ¢-		able; good at, competent, practised, experienced, skillful at, expert at, known as one who does s.t. habitually; well		
PV/nihtaciwe	Preverb: nÃ®htaciwÃª-		downhill, down		
PV/nikani	Preverb: nÃ®kÃ¢ni-		in front, ahead, at the head, in the future		
PV/nimi	Preverb: nÃ®mi-		take along		
PV/nipa	Preverb: nÃ®pÃ¢-		at night, in the dark		
PV/nipahi	Preverb: nipahi-		really, very, extremely		
PV/nisihkaci	Preverb: nisÃ®hkÃ¢ci-		gently, carefully, slowly		
PV/niso	Preverb: nÃ®so-		two		
PV/nitawi	Preverb: nitawi-		go and, go to; engaged in		
PV/nohte	Preverb: nÃ´htÃª-		want to, desire to; lack		
PV/o	Preverb: Ã´-		from there, for that reason; with, by means of; [grammatical preverb]		
PV/ocihci	Preverb: ocihci-		back in time; far back; from before, earlier; having lived long enough for something; chance to, live to, live to see		
PV/oh	Preverb: Ã´h-		from there, for that reason; with, by means of; [past preverb in negative clauses]		
PV/ohci	Preverb: ohci-		from there; with, by means of; because, for that reason, therefore, thence; [grammatical preverb; past preverb in negative clauses]		
PV/ohtiskawi	Preverb: ohtiskawi-		facing		
PV/osami	Preverb: osÃ¢mi-		too much, because of excess, for		
PV/osawaski	Preverb: osÃ¢waski-		green, blue-green		
PV/osawi	Preverb: osÃ¢wi-		yellow, brown		
PV/oski	Preverb: oski-		new, young, first		
PV/otami	Preverb: otami-		busy, occupied, delayed		
PV/paci	Preverb: paci-		wrongly, in error		
PV/pahkaci	Preverb: pÃ¢hkaci-		fixed, not moving; locked in to a previously stated obligation		
PV/pahki	Preverb: pahki-		portion of		
PV/pahko	Preverb: pÃ¢hko-		dry		
PV/pakwano	Preverb: pakwÃ¢no-		from memory		
PV/papa	Preverb: papÃ¢-		go around, about, all over		
PV/papami	Preverb: papÃ¢mi-		around, about, all over, here and there, hither and thither		
PV/papasi	Preverb: papÃ¢si-		fast, in a hurry, quick		
PV/pasci	Preverb: pÃ¢sci-		over, beyond		
PV/pasici	Preverb: pÃ¢sici-		stepping over, skipping		
PV/pasiko	Preverb: pasikÃ´-		get up (from sitting)		
PV/paspi	Preverb: paspi-		through narrow opening		
PV/pe	Preverb: pÃª-		come and; towards, approaching; hither; thence, from there on down; [towards focus]		
PV/peyako	Preverb: pÃªyako-		alone, only; as one		
PV/pihci	Preverb: pÃ®hci-		inside, in, within		
PV/pihtawe	Preverb: pÃ®htawÃª-		under; double		
PV/pihtoke	Preverb: pÃ®htokÃª-		entering to the inside, entering house		
PV/pikiskaci	Preverb: pÃ®kiskÃ¢ci-		sorry, sad, lonely		
PV/pimi	Preverb: pÃ®mi-		twisted		
PV/pimici	Preverb: pimici-		crosswise, from side, at right angle		
PV/pimipahci	Preverb: pimipahci-		running, on the run		
PV/pisci	Preverb: pisci-		accidentally, mistakenly, erroneously		
PV/pitosi	Preverb: pÃ®tosi-		different, foreign		
PV/piwi	Preverb: pÃ®wi-		small		
PV/poni	Preverb: pÃ´ni-		stop, terminate, cease; after		
PV/posko	Preverb: pÃ´sko-		the same		
PV/pwana	Preverb: pwÃ¢na-		unable, fail to		
PV/pwatawi	Preverb: pwÃ¢tawi-		unable to do, failing		
PV/sakewe	Preverb: sÃ¢kÃªwÃª-		behind obstacle to vision, into view		
PV/sapo	Preverb: sÃ¢po-		fully, exhaustively, through, through and through, right through, from end to end; beyond		
PV/saposci	Preverb: sÃ¢posci-		through		
PV/sasakici	Preverb: sÃ¢sakici-		backwards; supine		
PV/saskaci	Preverb: saskaci-		weary, tired of		
PV/sehke	Preverb: sÃªhkÃª-		by itself, of own accord; move ahead of own accord; willingly		
PV/sesawi	Preverb: sÃªsÃ¢wi-		stretching, exercising		
PV/sikaci	Preverb: sikaci-		impatiently, bored with		
PV/sikawi	Preverb: sÃ®kawi-		pouring, flooding		
PV/simaci	Preverb: simaci-		upright; straightened		
PV/sipwe	Preverb: sipwÃª-		leaving, departing, going away; starting out, commencement		
PV/sisikoci	Preverb: sisikoci-		suddenly		
PV/sisiwe	Preverb: sisiwÃª-		spread, scatter		
PV/sohkahat	Preverb: sÃ´hkahÃ¢t-		greatly, powerfully		
PV/sohki	Preverb: sÃ´hki-		hard, strongly, intensively, vigourously, properly		
PV/soniyawi	Preverb: sÃ´niyÃ¢wi-		with respect to money, in financial matters		
PV/ta	Preverb: ta-		grammatical preverb: future; infinitive		
PV/ta-ki	Preverb: ta-kÃ®-		can, be able to; should, ought to		
PV/tah	Preverb: tÃ¢h-		would, ought to; likely to		
PV/tahci	Preverb: tÃ¢hci-		on the top		
PV/tahki	Preverb: tahki-		repeated action, always, constantly ;; receiving a chill, cold		
PV/tahkohci	Preverb: tahkohci-		on top		
PV/tahto	Preverb: tahto-		as many as		
PV/takahki	Preverb: takahki-		good, nice		
PV/tako	Preverb: tako-		in addition to, on top, over and above; with, having along, also		
PV/tapi	Preverb: tÃ¢pi-		through the same place		
PV/tapisi	Preverb: tÃ¢pisi-		threading, inserting		
PV/tasi	Preverb: tasi-		for such a time, for the duration; an action at a time, while		
PV/tehci	Preverb: tÃªhci-		on, on top of something		
PV/tepi	Preverb: tÃªpi-		sufficiently; enough; reaching		
PV/tewi	Preverb: tÃªwi-		pain		
PV/teyi	Preverb: tÃªyi-		pain		
PV/tipi	Preverb: tipi-		equal		
PV/tita	Preverb: tita-		[grammatical preverb; future]		
PV/tomi	Preverb: tÃ´mi-		oily, greasy		
PV/wa	Preverb: wÃ¢-		intend to, be about to		
PV/wah	Preverb: wÃ¢h-		whenever in future		
PV/wahke	Preverb: wahkÃª-		addicted to, easily led to		
PV/waki	Preverb: wÃ¢ki-		curving		
PV/wani	Preverb: wani-		dim, dark, indistinctly, blurred; lose; destroy		
PV/wapani	Preverb: wÃ¢pani-		dawn; at, until dawn		
PV/wapohki	Preverb: wÃ¢pÃ´hki-		white		
PV/wasa	Preverb: wÃ¢sÃ¢-		around		
PV/wase	Preverb: wÃ¢sÃª-		clear; bright		
PV/wawiye	Preverb: wÃ¢wiyÃª-		round, spherical		
PV/wayawi	Preverb: wayawÃ®-		outside; out from inside, out from the tipi		
PV/wayesi	Preverb: wayÃªsi-		deceitfully		
PV/wehci	Preverb: wÃªhci-		easily		
PV/wi	Preverb: wÃ®-		grammatical preverb: intend to, be about to		
PV/wihpi	Preverb: wÃ®hpi-		hollowing out		
PV/wini	Preverb: wÃ®ni-		soil, dirty		
PV/wipi	Preverb: wÃ®pi-		dirty, unclean		
PV/wipo	Preverb: wÃ®po-		narrow		
PV/wisaki	Preverb: wÃ®saki-		painfully		
PV/wito	Preverb: wÃ®to-		want, intend		
PV/wiyipi	Preverb: wiyÃ®pi-		dirty looking; dull brown, drab		
PV/yahki	Preverb: yahki-		act of pushing forward; increasing, increasingly, adding, more and more		
PV/yikate	Preverb: yÃ®katÃª-		aside		
PV/yipe	Preverb: yÃ®pÃª-		on a slant, on a slope, on the side, sideways		
PV/yoski	Preverb: yÃ´ski-		soft, softly		
Pl	Plural	Plural	many	mihcÃªt	
PlO	â†’ Pl	Goal: Plural	â†’ many	â†’ mihcÃªt	
					
PrA		Pronoun: Animate	like: awa	tÃ¢piskÃ´c: awa	â¡ï¸ğŸ§‘ğŸ½
PrI		Pronoun: Inanimate	like: Ã´ma	tÃ¢piskÃ´c: Ã´ma	â¡ï¸ğŸ’§
					
Pron		Pronoun	Pointing word	itÃ¢skonamin-itwÃªwin	â¡ï¸
Prop		Proper	how something/someone is called	isiyihkÃ¢sowin	
Prox	Proximal	Proximate	Here	Ã´tÃ¢	
Prs	Present	Present tense	something is happening now	Ãª-ispayik anohc/mÃªkwÃ¢c/mÃ¢na	
Prt	Past	Past tense	something happened earlier	Ãª-ispayik kwayÃ¢c	
Px12Pl	Possessor: 21p (incl)	Possessor: 1st Person Plural (Inclusive)	your and our	kiyÃ¢naw	
Px1Pl	Possessor: 1p (excl)	Possessor: 1st Person Plural (Exclusive)	our (but not your)	niyanÃ¢n	
Px1Sg	Possessor: 1s	Possessor: 1st Person Singular	my	niya	
Px21Pl	Possessor: 21p (incl)	Possessor: 1st Person Plural (Inclusive)	your and our	kiyÃ¢naw	
Px2Pl	Possessor: 2p (excl)	Possessor: 2nd Person Plural	your (all)	kiyawÃ¢w	
Px2Sg	Possessor: 2s	Possessor: 2nd Person Singular	your (one)	kiya	
Px3Pl	Possessor: 3p	Possessor: 3rd Person Plural	their	wiyawÃ¢w	
Px3Sg	Possessor: 3s	Possessor: 3rd Person Singular	his/her	wiya	
Px4Pl	Possessor: 4p	Possessor: 3rd Person Plural (Obviative)	his/her (further)	wiya (anihi)	
Px4Sg	Possessor: 4s	Possessor: 3rd Person Singular (Obviative)	their (further)	wiyawÃ¢w (anihi)	
Px4Sg/Pl	Possessor: 4	Possessor: 3rd Person Singular/Plural (Obviative)	his/her/their	wiya/wiyawÃ¢w (anihi)	
PxX	Possessor: X	Possessor: Unspecified	someone's	(awiya)	
					
RdplS		Reduplication: Strong/Heavy	Intense	tÃ¢piskÃ´c: nÃ¢h-nipÃ¢w	
RdplW		Reduplication: Weak/Light	Repeated	tÃ¢piskÃ´c: na-nipÃ¢w	
Rel		Relative			
Rom		Roman	like: I, V, X	tÃ¢piskÃ´c: I, V, X	
					
Sg	Singular	Singular	one	pÃªyak	
					
					
					
					
TA	Transitive Animate		like: wÃ®cihÃªw, itÃªw	tÃ¢piskÃ´c: wÃ®cihÃªw, itÃªw	
TI	Transitive Inaminate		like: nÃ¢tam, mÃ®ciw	tÃ¢piskÃ´c: nÃ¢tam, mÃ®ciw	
					
V	Verb		Action word	ispayin-itwÃªwin	
V+II	Inanimate intransitive verb	Verb â€” inanimate intransitive	Action word â€” like: miywÃ¢sin, mihkwÃ¢w	ispayin-itwÃªwin â€” tÃ¢piskÃ´c: miywÃ¢sin, mihkwÃ¢w	ğŸ’§â¡ï¸
V+AI	Animate intransitive verb	Verb â€” animate intransitive	Action word â€” like: mÃ®cisow, nipÃ¢w	ispayin-itwÃªwin â€” tÃ¢piskÃ´c: mÃ®cisow, nipÃ¢w	ğŸ§‘ğŸ½â¡ï¸
V+TI	Transitive inanimate verb	Verb â€” transitive inanimate	Action word â€” like: nÃ¢tam, mÃ®ciw	ispayin-itwÃªwin â€” tÃ¢piskÃ´c: nÃ¢tam, mÃ®ciw	ğŸ§‘ğŸ½â¡ï¸ğŸ’§
V+TA	Transitive animate verb	Verb â€” transitive animate	Action word â€” like: wÃ®cihÃªw, itÃªw	ispayin-itwÃªwin â€” tÃ¢piskÃ´c: wÃ®cihÃªw, itÃªw	ğŸ§‘ğŸ½â¡ï¸ğŸ§‘ğŸ½
					
Voc	Vocative	Vocative	call/address	kitowin	
					
VAI-1	VAI-1	vowel-final animate intransitive verb	like: nipÃ¢w	tÃ¢piskÃ´c: nipÃ¢w	
VAI-v	VAI-v	vowel-final animate intransitive verb	like: nipÃ¢w	tÃ¢piskÃ´c: nipÃ¢w	
VAI-2	VAI-2	n-final animate intransitive verb	like: pimisin	tÃ¢piskÃ´c: pimisin	
VAI-3	VAI-3	VTI-like animate intransitive verb	like: yÃ¢hyÃ¢nam	tÃ¢piskÃ´c: yÃ¢hyÃ¢nam	
VII-1n	VII-1n	n-final impersonal inanimate intransitive verb	like: kimiwan	tÃ¢piskÃ´c: kimiwan	
VII-2n	VII-2n	n-final pluralizable inanimate intransitive verb	like: miywÃ¢sin	tÃ¢piskÃ´c: miywÃ¢sin	
VII-1v	VII-1v	vowel-final impersonal inanimate intransitive verb	like: kÃ®sikÃ¢w	tÃ¢piskÃ´c: kÃ®sikÃ¢w	
VII-2v	VII-2v	vowel-final pluralizable  inanimate intransitive verb	like: mihkwÃ¢w	tÃ¢piskÃ´c: mihkwÃ¢w	
VTA-1	VTA-1	transitive animate verb â€“ class 1: regular	like: wÃ®cihÃªw	tÃ¢piskÃ´c: wÃ®cihÃªw	
VTA-2	VTA-2	transitive animate verb â€“ class 2	like: nitonawÃªw	tÃ¢piskÃ´c: nitonawÃªw	
VTA-3	VTA-3	transitive animate verb â€“ class 3	like: kÃ®skiswÃªw	tÃ¢piskÃ´c: kÃ®skiswÃªw	
VTA-4	VTA-4	transitive animate verb â€“ class 4	like: nakatÃªw	tÃ¢piskÃ´c: nakatÃªw	
VTA-5	VTA-5	transitive animate verb â€“ class 5	like: itÃªw	tÃ¢piskÃ´c: itÃªw	
VTI-1	VTI-1	transitive inanimate verb â€“ class 1: regular	like: nÃ¢tam	tÃ¢piskÃ´c: nÃ¢tam	
VTI-2	VTI-2	transitive inanimate verb â€“ class 2: stem-final -Ã¢	like: kisihtÃ¢w	tÃ¢piskÃ´c: kisihtÃ¢w	
VTI-3	VTI-3	transitive inanimate verb â€“ class 3	like: mÃ®ciw	tÃ¢piskÃ´c: mÃ®ciw	
					
X	X	Actor: Unspecified	someone	(awiya)	
XO	â†’ X	Goal: Unspecified	â†’ someone	â†’ (awiya)	
					
A+Sg+Title	A+Sg	Singular, Animate	One (awa word)	pÃªyak (awa)	
A+Pl+Title	A+Pl	Plural, Animate	Many (awa word)	mihcÃªt (awa)	
I+Sg+Title	I+Sg	Singular, Inanimate	One (Ã´ma word)	pÃªyak (Ã´ma)	
I+Pl+Title	I+Pl	Plural, Inanimate	Many (Ã´ma word)	mihcÃªt (Ã´ma)	
